-- phpMyAdmin SQL Dump
-- version 5.1.1deb5ubuntu1
-- https://www.phpmyadmin.net/
--
-- Host: localhost:3306
-- Generation Time: Jul 23, 2024 at 12:53 PM
-- Server version: 8.0.37-0ubuntu0.22.04.3
-- PHP Version: 8.3.9

SET SQL_MODE = "NO_AUTO_VALUE_ON_ZERO";
START TRANSACTION;
SET time_zone = "+00:00";


/*!40101 SET @OLD_CHARACTER_SET_CLIENT=@@CHARACTER_SET_CLIENT */;
/*!40101 SET @OLD_CHARACTER_SET_RESULTS=@@CHARACTER_SET_RESULTS */;
/*!40101 SET @OLD_COLLATION_CONNECTION=@@COLLATION_CONNECTION */;
/*!40101 SET NAMES utf8mb4 */;

--
-- Database: `atendimento`
--

-- --------------------------------------------------------

--
-- Table structure for table `estado_senha`
--

CREATE TABLE `estado_senha` (
  `id` int NOT NULL,
  `estado` varchar(20) COLLATE utf32_spanish2_ci NOT NULL
) ENGINE=InnoDB DEFAULT CHARSET=utf32 COLLATE=utf32_spanish2_ci;

--
-- Dumping data for table `estado_senha`
--

INSERT INTO `estado_senha` (`id`, `estado`) VALUES
(1, 'Livre'),
(2, 'Emitida'),
(3, 'Chamada'),
(4, 'Atendida'),
(5, 'Cancelada');

-- --------------------------------------------------------

--
-- Table structure for table `senha`
--

CREATE TABLE `senha` (
  `id` int NOT NULL,
  `nome` varchar(20) CHARACTER SET utf32 COLLATE utf32_spanish2_ci NOT NULL,
  `estado_senha_id` int NOT NULL,
  `tipo_senha_id` int NOT NULL
) ENGINE=InnoDB DEFAULT CHARSET=utf32 COLLATE=utf32_spanish2_ci;

--
-- Dumping data for table `senha`
--

INSERT INTO `senha` (`id`, `nome`, `estado_senha_id`, `tipo_senha_id`) VALUES
(1, 'A1', 2, 1),
(2, 'A2', 1, 1),
(3, 'A3', 1, 1),
(4, 'P1', 2, 2),
(5, 'P2', 1, 2),
(6, 'P3', 1, 2),
(7, 'P4', 1, 2),
(8, 'A4', 1, 1),
(9, 'A5', 1, 1),
(10, 'A6', 1, 1),
(11, 'A7', 1, 1),
(12, 'A8', 1, 1),
(13, 'A9', 1, 1),
(14, 'A10', 1, 1),
(15, 'P5', 1, 2),
(16, 'P6', 1, 2),
(17, 'P7', 1, 2),
(18, 'P8', 1, 2),
(19, 'P9', 1, 2),
(20, 'P10', 1, 2),
(21, 'U1', 2, 3),
(22, 'U2', 1, 3),
(23, 'U3', 1, 3),
(24, 'U4', 1, 3),
(25, 'U5', 1, 3),
(26, 'U6', 1, 3),
(27, 'U7', 1, 3),
(28, 'U8', 1, 3),
(29, 'U9', 1, 3),
(30, 'U10', 1, 3);

-- --------------------------------------------------------

--
-- Table structure for table `senha_gerada`
--

CREATE TABLE `senha_gerada` (
  `id` int NOT NULL,
  `senha_id` int NOT NULL,
  `estado_senha_id` int NOT NULL,
  `data_hora` datetime NOT NULL,
  `modificado` datetime DEFAULT NULL
) ENGINE=InnoDB DEFAULT CHARSET=utf32 COLLATE=utf32_spanish2_ci;

--
-- Dumping data for table `senha_gerada`
--

INSERT INTO `senha_gerada` (`id`, `senha_id`, `estado_senha_id`, `data_hora`, `modificado`) VALUES
(1, 8, 3, '2024-07-18 14:57:30', '2024-07-18 15:09:27'),
(2, 9, 3, '2024-07-18 15:04:05', '2024-07-18 15:09:34'),
(3, 5, 3, '2024-07-18 15:09:58', '2024-07-18 15:28:44'),
(4, 10, 3, '2024-07-18 15:19:14', '2024-07-18 15:25:32'),
(5, 11, 3, '2024-07-18 15:25:39', '2024-07-18 15:28:12'),
(6, 12, 3, '2024-07-18 15:25:40', '2024-07-18 15:28:14'),
(7, 6, 3, '2024-07-18 15:25:42', '2024-07-18 15:28:46'),
(8, 13, 3, '2024-07-18 15:25:43', '2024-07-18 15:28:40'),
(9, 7, 3, '2024-07-18 15:26:02', '2024-07-18 15:28:48'),
(10, 15, 3, '2024-07-18 15:26:03', '2024-07-18 15:31:06'),
(11, 14, 3, '2024-07-18 15:27:38', '2024-07-18 15:30:52'),
(12, 16, 3, '2024-07-18 15:28:00', '2024-07-18 15:31:09'),
(13, 17, 3, '2024-07-18 15:28:01', '2024-07-18 15:31:12'),
(14, 1, 3, '2024-07-18 15:39:10', '2024-07-18 16:35:40'),
(15, 4, 3, '2024-07-18 15:39:12', '2024-07-18 16:26:45'),
(16, 5, 3, '2024-07-18 16:26:52', '2024-07-18 17:01:31'),
(17, 6, 3, '2024-07-18 16:26:53', '2024-07-18 17:03:38'),
(18, 7, 3, '2024-07-18 16:26:57', '2024-07-18 17:03:49'),
(19, 2, 3, '2024-07-18 16:26:57', '2024-07-18 17:03:40'),
(20, 3, 3, '2024-07-18 16:27:09', '2024-07-18 17:03:46'),
(21, 8, 3, '2024-07-18 17:04:07', '2024-07-18 17:04:41'),
(22, 9, 3, '2024-07-18 17:04:08', '2024-07-18 17:04:44'),
(23, 15, 3, '2024-07-18 17:04:11', '2024-07-18 17:04:32'),
(24, 10, 3, '2024-07-18 17:04:12', '2024-07-18 17:04:55'),
(25, 11, 3, '2024-07-18 17:04:22', '2024-07-18 17:04:59'),
(26, 12, 3, '2024-07-18 17:05:04', '2024-07-18 17:06:09'),
(27, 13, 3, '2024-07-18 17:05:07', '2024-07-18 17:06:18'),
(28, 14, 3, '2024-07-18 17:05:08', '2024-07-18 17:06:15'),
(29, 16, 3, '2024-07-18 17:05:25', '2024-07-18 17:05:35'),
(30, 17, 3, '2024-07-18 17:28:38', '2024-07-18 17:28:48'),
(31, 1, 3, '2024-07-18 20:20:37', '2024-07-18 20:22:34'),
(32, 4, 3, '2024-07-18 20:20:40', '2024-07-18 20:22:46'),
(33, 5, 3, '2024-07-18 20:23:14', '2024-07-18 20:24:34'),
(34, 2, 3, '2024-07-18 20:23:15', '2024-07-18 20:23:53'),
(35, 3, 3, '2024-07-18 20:23:34', '2024-07-18 20:24:30'),
(36, 8, 3, '2024-07-18 20:23:36', '2024-07-18 20:24:21'),
(37, 9, 3, '2024-07-18 20:23:36', '2024-07-18 20:24:27'),
(38, 1, 3, '2024-07-18 20:33:48', '2024-07-18 20:51:08'),
(39, 2, 3, '2024-07-18 20:33:49', '2024-07-18 20:51:23'),
(40, 4, 3, '2024-07-18 20:33:51', '2024-07-18 20:34:04'),
(41, 5, 3, '2024-07-18 20:33:51', '2024-07-18 20:51:36'),
(42, 6, 3, '2024-07-18 20:33:52', '2024-07-18 20:51:37'),
(43, 3, 3, '2024-07-18 20:34:24', '2024-07-18 20:51:20'),
(44, 8, 3, '2024-07-18 20:34:25', '2024-07-18 20:51:30'),
(45, 9, 3, '2024-07-18 20:34:25', '2024-07-18 20:51:32'),
(46, 10, 3, '2024-07-18 20:34:25', '2024-07-18 20:51:32'),
(47, 11, 3, '2024-07-18 20:34:25', '2024-07-18 20:51:33'),
(48, 12, 3, '2024-07-18 20:34:26', '2024-07-18 20:51:27'),
(49, 1, 3, '2024-07-18 20:54:53', '2024-07-18 20:55:12'),
(50, 4, 3, '2024-07-18 20:54:55', '2024-07-18 20:55:15'),
(51, 2, 3, '2024-07-18 20:54:57', '2024-07-18 20:55:07'),
(52, 5, 3, '2024-07-18 20:54:58', '2024-07-18 20:55:15'),
(53, 1, 3, '2024-07-18 21:56:06', '2024-07-18 21:57:12'),
(54, 4, 3, '2024-07-18 21:56:08', '2024-07-18 21:57:15'),
(55, 1, 3, '2024-07-18 21:56:14', '2024-07-18 21:57:46'),
(56, 2, 3, '2024-07-18 21:56:16', '2024-07-18 21:57:02'),
(57, 2, 3, '2024-07-18 21:56:19', '2024-07-18 21:57:51'),
(58, 3, 3, '2024-07-18 21:56:21', '2024-07-18 21:58:00'),
(59, 3, 3, '2024-07-18 21:56:22', '2024-07-18 21:58:03'),
(60, 3, 3, '2024-07-18 21:56:23', '2024-07-18 21:58:05'),
(61, 8, 3, '2024-07-18 21:56:25', '2024-07-18 21:58:07'),
(62, 8, 3, '2024-07-18 21:56:28', '2024-07-18 21:56:54'),
(63, 9, 3, '2024-07-18 21:56:30', '2024-07-18 21:56:59'),
(64, 5, 3, '2024-07-18 21:56:32', '2024-07-18 21:57:19'),
(65, 6, 3, '2024-07-18 21:56:35', '2024-07-18 21:57:20'),
(66, 6, 3, '2024-07-18 21:56:40', '2024-07-18 21:57:27'),
(67, 6, 3, '2024-07-18 21:56:40', '2024-07-18 21:57:30'),
(68, 6, 3, '2024-07-18 21:56:40', '2024-07-18 21:57:34'),
(69, 6, 3, '2024-07-18 21:56:41', '2024-07-18 21:57:37'),
(70, 10, 3, '2024-07-18 21:58:18', '2024-07-23 07:13:44'),
(71, 11, 3, '2024-07-18 21:58:31', '2024-07-23 07:13:47'),
(72, 12, 3, '2024-07-18 21:58:33', '2024-07-23 07:13:49'),
(73, 13, 3, '2024-07-18 21:58:33', '2024-07-23 07:13:51'),
(74, 14, 3, '2024-07-18 21:58:34', '2024-07-23 07:13:54'),
(75, 7, 3, '2024-07-18 21:58:39', '2024-07-23 07:13:36'),
(76, 1, 3, '2024-07-18 22:22:26', '2024-07-23 07:14:36'),
(77, 2, 3, '2024-07-18 22:23:17', '2024-07-23 07:13:05'),
(78, 15, 3, '2024-07-18 22:23:19', '2024-07-23 07:13:29'),
(79, 3, 3, '2024-07-18 22:23:21', '2024-07-23 07:14:05'),
(80, 16, 3, '2024-07-18 22:23:24', '2024-07-23 07:13:34'),
(81, 8, 3, '2024-07-18 22:23:26', '2024-07-23 07:13:26'),
(82, 17, 3, '2024-07-18 22:23:45', '2024-07-23 07:13:15'),
(83, 18, 3, '2024-07-18 22:23:46', '2024-07-23 07:13:24'),
(84, 9, 3, '2024-07-18 22:24:50', '2024-07-23 07:13:23'),
(85, 19, 3, '2024-07-18 22:24:52', '2024-07-23 07:13:33'),
(86, 10, 3, '2024-07-18 22:24:55', '2024-07-18 22:30:06'),
(87, 11, 3, '2024-07-18 22:29:05', '2024-07-23 07:14:30'),
(88, 12, 3, '2024-07-18 22:29:05', '2024-07-23 07:14:06'),
(89, 13, 3, '2024-07-18 22:29:06', '2024-07-23 07:13:28'),
(90, 14, 3, '2024-07-18 22:29:06', '2024-07-23 07:14:37'),
(91, 20, 3, '2024-07-18 22:29:16', '2024-07-23 07:13:12'),
(92, 1, 3, '2024-07-23 07:12:41', '2024-07-23 07:14:33'),
(93, 4, 3, '2024-07-23 07:12:50', '2024-07-23 07:13:09'),
(94, 1, 3, '2024-07-23 07:15:11', '2024-07-23 09:03:35'),
(95, 4, 3, '2024-07-23 07:15:15', '2024-07-23 09:03:37'),
(96, 4, 3, '2024-07-23 07:15:42', '2024-07-23 09:03:37'),
(97, 1, 3, '2024-07-23 07:15:46', '2024-07-23 09:03:35'),
(98, 5, 3, '2024-07-23 07:15:48', '2024-07-23 09:03:37'),
(99, 6, 3, '2024-07-23 07:15:48', '2024-07-23 09:03:38'),
(100, 7, 3, '2024-07-23 07:15:49', '2024-07-23 09:03:38'),
(101, 21, 3, '2024-07-23 08:51:38', '2024-07-23 09:03:30'),
(102, 1, 3, '2024-07-23 09:13:12', '2024-07-23 09:14:17'),
(103, 2, 3, '2024-07-23 09:13:53', '2024-07-23 09:14:24'),
(104, 4, 3, '2024-07-23 09:13:55', '2024-07-23 09:14:23'),
(105, 21, 3, '2024-07-23 09:13:56', '2024-07-23 09:17:19'),
(106, 3, 3, '2024-07-23 09:18:10', '2024-07-23 09:18:34'),
(107, 8, 3, '2024-07-23 09:18:10', '2024-07-23 09:18:34'),
(108, 5, 3, '2024-07-23 09:18:11', '2024-07-23 09:18:32'),
(109, 6, 3, '2024-07-23 09:18:12', '2024-07-23 09:18:32'),
(110, 7, 3, '2024-07-23 09:18:12', '2024-07-23 09:18:33'),
(111, 21, 3, '2024-07-23 09:18:13', '2024-07-23 09:18:25'),
(112, 22, 3, '2024-07-23 09:18:13', '2024-07-23 09:18:26'),
(113, 23, 3, '2024-07-23 09:18:13', '2024-07-23 09:18:27'),
(114, 24, 3, '2024-07-23 09:18:14', '2024-07-23 09:18:28'),
(115, 25, 3, '2024-07-23 09:18:16', '2024-07-23 09:18:28'),
(116, 9, 2, '2024-07-23 09:50:24', NULL),
(117, 15, 2, '2024-07-23 09:50:26', NULL),
(118, 26, 2, '2024-07-23 09:50:28', NULL),
(119, 1, 2, '2024-07-23 09:50:51', NULL),
(120, 4, 2, '2024-07-23 09:50:53', NULL),
(121, 21, 2, '2024-07-23 09:50:54', NULL);

-- --------------------------------------------------------

--
-- Table structure for table `tipo_senha`
--

CREATE TABLE `tipo_senha` (
  `id` int NOT NULL,
  `tipo` varchar(20) CHARACTER SET utf32 COLLATE utf32_spanish2_ci NOT NULL
) ENGINE=InnoDB DEFAULT CHARSET=utf32 COLLATE=utf32_spanish2_ci;

--
-- Dumping data for table `tipo_senha`
--

INSERT INTO `tipo_senha` (`id`, `tipo`) VALUES
(1, 'Convencional'),
(2, 'Preferencial'),
(3, 'Urgente');

--
-- Indexes for dumped tables
--

--
-- Indexes for table `estado_senha`
--
ALTER TABLE `estado_senha`
  ADD PRIMARY KEY (`id`);

--
-- Indexes for table `senha`
--
ALTER TABLE `senha`
  ADD PRIMARY KEY (`id`);

--
-- Indexes for table `senha_gerada`
--
ALTER TABLE `senha_gerada`
  ADD PRIMARY KEY (`id`);

--
-- Indexes for table `tipo_senha`
--
ALTER TABLE `tipo_senha`
  ADD PRIMARY KEY (`id`);

--
-- AUTO_INCREMENT for dumped tables
--

--
-- AUTO_INCREMENT for table `estado_senha`
--
ALTER TABLE `estado_senha`
  MODIFY `id` int NOT NULL AUTO_INCREMENT, AUTO_INCREMENT=6;

--
-- AUTO_INCREMENT for table `senha`
--
ALTER TABLE `senha`
  MODIFY `id` int NOT NULL AUTO_INCREMENT, AUTO_INCREMENT=31;

--
-- AUTO_INCREMENT for table `senha_gerada`
--
ALTER TABLE `senha_gerada`
  MODIFY `id` int NOT NULL AUTO_INCREMENT, AUTO_INCREMENT=122;

--
-- AUTO_INCREMENT for table `tipo_senha`
--
ALTER TABLE `tipo_senha`
  MODIFY `id` int NOT NULL AUTO_INCREMENT, AUTO_INCREMENT=4;
COMMIT;

/*!40101 SET CHARACTER_SET_CLIENT=@OLD_CHARACTER_SET_CLIENT */;
/*!40101 SET CHARACTER_SET_RESULTS=@OLD_CHARACTER_SET_RESULTS */;
/*!40101 SET COLLATION_CONNECTION=@OLD_COLLATION_CONNECTION */;
